id,attrition_flag
3005,0.0049869264
143,0.8221112
5508,0.0021691415
6474,0.0010855793
9784,0.0030816772
3615,0.008535013
1146,0.003482795
9014,0.0014178772
5893,0.04870219
6095,0.014552788
7048,0.7507528
8010,0.042805213
5377,0.0024882557
6609,0.002066301
9076,0.024482485
8179,0.9670958
5559,0.06258955
5151,0.0023072318
2186,0.4725497
4801,0.0041982788
320,0.002408638
8661,0.8100921
5103,0.0028462384
5178,0.91983134
6963,0.0026412006
4594,0.0018634923
9702,0.90686977
116,0.0018250063
1958,0.0037572854
9577,0.02079186
820,0.0020141064
1544,0.0015567732
9175,0.5183722
4672,0.9096661
9007,0.0027513194
757,0.0018122869
85,0.0012470755
3721,0.001315312
8624,0.0052345963
5666,0.012557716
2866,0.0039693597
1915,0.0010626541
3922,0.001448216
1763,0.0073100855
6042,0.0014783342
6805,0.003242599
7155,0.0012570538
7017,0.0038717333
5200,0.00203461
2716,0.0019659952
5095,0.0016748441
8818,0.0040741293
1658,0.0012682804
7390,0.003219655
9924,0.9812344
10032,0.02775757
5239,0.008477303
8211,0.6028688
5236,0.7596482
1707,0.9627692
5466,0.00318507
4421,0.006153135
3700,0.0013969364
7599,0.0033115316
950,0.0016150053
8831,0.003495103
2944,0.002428444
6015,0.0022010542
4975,0.0017977725
8973,0.87036407
742,0.0017178335
7094,0.0038982432
5506,0.004186953
7533,0.0027317072
7085,0.0052545476
1862,0.0044623516
7072,0.011442764
843,0.0072201504
4144,0.44693866
5349,0.85731864
604,0.0022921688
9918,0.001756406
7763,0.0023482924
9483,0.0019919826
8627,0.001362801
4228,0.0018991387
5443,0.39903054
8534,0.0031433278
4075,0.0031754046
1609,0.025339589
1792,0.04435023
2527,0.9035104
5925,0.007171183
7509,0.0033240768
8842,0.016988622
4137,0.0053429822
7997,0.0012176225
6954,0.0020278012
5298,0.024826104
9856,0.014571086
5357,0.017738301
3739,0.0021812506
3622,0.8298526
905,0.0019760996
7960,0.95024896
3041,0.0028500464
7421,0.007635371
6742,0.0022114632
8273,0.002091753
6425,0.0020843807
10099,0.0016450713
238,0.0126474975
5339,0.0033872423
3506,0.0047261864
8330,0.003536906
1427,0.0020683194
4595,0.0024304898
376,0.0015027298
7376,0.0028461898
6507,0.00818352
5006,0.0016309555
8987,0.013802958
2179,0.011622904
3253,0.0013086668
5664,0.0026109023
3489,0.0072550774
7734,0.0017173904
8280,0.005952395
5663,0.002086973
1986,0.38470715
1106,0.94836277
2858,0.0009450921
8136,0.6101783
1280,0.0014809141
7223,0.0015680873
776,0.012637433
3957,0.001138993
6277,0.033392787
1902,0.0019281419
2257,0.93952006
9876,0.0021829302
3709,0.0014997548
4618,0.0016883757
6648,0.0015050353
4630,0.001231729
832,0.004308604
4586,0.0015542952
8438,0.0019621125
4065,0.0044265473
3553,0.9513155
2519,0.0012260823
3072,0.14392877
6444,0.001421177
7231,0.0016540043
8879,0.98803186
5749,0.004654054
4132,0.0021188245
738,0.0026629497
3194,0.009002871
6814,0.95490265
7043,0.10152153
4860,0.95581555
3346,0.0017991763
420,0.9492812
277,0.0046034325
5738,0.0015479458
9368,0.0017353656
7338,0.0014394657
5012,0.0017560982
98,0.9848963
8491,0.008593217
2008,0.0023220156
8209,0.001375551
5513,0.03473054
2476,0.0017980925
4232,0.016512126
2715,0.001034117
6261,0.0025442555
2610,0.019390168
7992,0.005319671
2256,0.024003083
1497,0.94744897
4423,0.99221414
4053,0.0022544006
8857,0.0032868641
5808,0.0010977832
9606,0.0021452121
3524,0.005835895
5576,0.03627324
6000,0.99204683
1122,0.0023266908
8686,0.0020587202
6554,0.0028906364
3389,0.0019220674
4951,0.015835058
4615,0.0016259475
10048,0.003708493
2532,0.0020829807
10025,0.94287795
7301,0.0033144539
9253,0.01968577
3982,0.0011537656
6432,0.0019570207
402,0.006642447
1277,0.0028017075
3997,0.0043111905
9727,0.9953436
6256,0.19527817
4739,0.0065433052
9061,0.004918077
4000,0.0069336654
5993,0.0025355022
525,0.0014394438
4148,0.002187549
8810,0.94615424
8865,0.0057523483
8373,0.0015232104
2867,0.0015775386
8889,0.018361054
4004,0.007269726
1174,0.031896543
4112,0.994146
2597,0.001576345
1018,0.18142681
1954,0.95897335
8430,0.0032185013
87,0.001712326
9748,0.0032371972
7588,0.0018832738
3871,0.0035280304
7682,0.0024246743
7126,0.0014525973
10083,0.0073021664
4493,0.9946163
2125,0.0010208057
2644,0.0068313396
8595,0.0017823982
29,0.20470828
1245,0.99168044
5432,0.0016247977
7831,0.0020801618
8264,0.0030331945
1980,0.0033127342
4738,0.0027731683
6568,0.0031222592
30,0.0060313297
4765,0.00262676
9010,0.0014029853
1056,0.002695083
10049,0.0015631156
8655,0.0025890798
9811,0.12781374
780,0.92167103
9717,0.06845106
9564,0.001845337
8928,0.0017313196
1639,0.0018607998
5390,0.014217861
3008,0.9611224
4067,0.0015004048
7302,0.0023738672
5434,0.99742764
8246,0.010398918
7995,0.0049952455
7895,0.014344303
9608,0.0012531494
5424,0.66478014
242,0.0019893262
6511,0.99574405
220,0.033785738
2986,0.0017361424
469,0.04405444
1088,0.0016254522
8756,0.0022789617
8081,0.0017025952
1944,0.007004346
6882,0.0016967488
866,0.88359696
466,0.7966114
4058,0.0062736706
5264,0.0025098752
6305,0.9961247
4185,0.0102745695
4008,0.0032981997
6514,0.002519204
1678,0.0016661587
3906,0.0067259
3487,0.0022313816
1964,0.056687072
9470,0.40668935
4028,0.002274062
2552,0.0017125623
9771,0.0011867429
5949,0.00948885
1384,0.0019362026
2012,0.95172817
5550,0.0023500111
8196,0.0013867788
2604,0.0018138128
9554,0.015314212
9018,0.0012685136
6913,0.92635024
1372,0.0029012521
7434,0.0051820474
8247,0.0016715386
1421,0.006504513
9639,0.008049691
873,0.017560966
7408,0.0017870518
7752,0.0019616121
3167,0.002612455
6266,0.0030354215
2775,0.0014975115
2484,0.0021538425
4958,0.0020543046
8989,0.0015612385
9770,0.004550559
5017,0.0019998262
6962,0.0019072127
10067,0.0021203817
7016,0.97989684
7067,0.0022629027
8178,0.020788763
8813,0.08413709
5838,0.0015690417
6052,0.0036727656
7011,0.44981235
1741,0.003115561
7880,0.0013460027
4427,0.0027039922
78,0.005802735
5241,0.0020029005
4904,0.002658574
8586,0.0021454287
2985,0.0029766425
7820,0.9935628
3751,0.0032414093
9050,0.0034647568
7578,0.63845056
9001,0.9887117
2033,0.0016585821
5675,0.99608433
2124,0.020637877
4119,0.11244796
7441,0.0020555719
3195,0.0016347318
5396,0.001296442
919,0.004389745
204,0.013750414
9664,0.010457045
5079,0.0012616803
6542,0.870612
444,0.002158728
7989,0.9883894
3504,0.0021040435
6998,0.0014909961
8097,0.0129574025
7463,0.002348109
7249,0.0015466006
5473,0.002299839
9239,0.003729181
883,0.118705004
8763,0.0022352492
6194,0.003092231
3885,0.0010718114
8440,0.004956052
2021,0.0014390176
7439,0.016120464
9399,0.0036029783
5376,0.006006382
4680,0.0024914462
5801,0.9866648
9836,0.0024891293
1519,0.0017891574
700,0.0077746636
3317,0.0021647636
3571,0.001577827
94,0.006468425
5139,0.010253919
1008,0.0021869952
9016,0.0023024927
7993,0.001316865
7916,0.008538532
2403,0.0017250855
2328,0.15893573
7620,0.005758291
2599,0.2044844
7892,0.002198059
6892,0.003174846
2275,0.9902738
6736,0.0040629865
7080,0.021876644
1329,0.0016319139
8518,0.0024430056
9589,0.0013932667
1585,0.0021054477
3223,0.010500569
240,0.008183512
9079,0.0018488907
5986,0.0013879838
7348,0.003721903
5492,0.010610635
685,0.0016812681
8401,0.014375787
6001,0.011179117
8213,0.0042097913
8744,0.0027355056
1282,0.0026154611
2076,0.0015647181
5283,0.0014212946
6211,0.0033830663
3067,0.0024758314
6662,0.0017137758
2258,0.98872375
4634,0.003266839
3209,0.0021464722
8824,0.0028748931
8407,0.0018726091
1089,0.0010331962
9056,0.0014336052
7448,0.99359244
9837,0.00230552
8090,0.0027992865
9890,0.9958067
7394,0.0030287507
7133,0.9903841
7197,0.0013276081
7028,0.017824914
4032,0.0078241285
4923,0.052420445
7674,0.0019467061
586,0.0009213072
4230,0.021794505
9217,0.004939804
450,0.006997381
197,0.066173546
1158,0.8831483
9949,0.001558709
1892,0.017897755
5944,0.98690873
6210,0.009438376
7364,0.020788094
8742,0.97880703
2636,0.0020848906
2309,0.0050068623
705,0.010241948
3230,0.00789536
6891,0.008023402
1788,0.9986337
1196,0.0045525855
7,0.0019652974
6577,0.0024573759
1702,0.049281217
4994,0.030914016
2548,0.006460554
5399,0.0013240599
3,0.0031814114
3815,0.07783918
9724,0.0044160234
5358,0.0014248223
1947,0.14750001
9481,0.005617812
4681,0.002314864
9670,0.0015877344
5645,0.9957488
6598,0.012208179
3174,0.020184305
1239,0.0014737296
649,0.0096230805
8212,0.0030058373
975,0.00418141
6644,0.001220672
2355,0.011810043
4474,0.08652823
2473,0.0105395485
2045,0.0038298485
7299,0.32739732
9441,0.021346254
590,0.030655148
315,0.9666322
4670,0.0014308378
295,0.0014298202
2786,0.9784182
7929,0.016898602
5014,0.7312155
4490,0.11464627
1808,0.0012890225
5603,0.0024687238
7465,0.0042664027
3958,0.0022729458
1341,0.0031872354
895,0.51376015
5958,0.0018449717
1086,0.0020108905
4613,0.006918212
6903,0.99244636
2201,0.0012946319
1001,0.0046829293
4859,0.036392733
539,0.0046469774
1228,0.0016850709
3557,0.0030215224
9523,0.98598087
4418,0.99408346
9320,0.9933294
4675,0.00204843
5497,0.9203934
6201,0.0014270289
1396,0.0025717192
1221,0.8562398
4368,0.0037547126
250,0.01442484
6023,0.0068407995
1765,0.0021785498
9496,0.0012830965
6360,0.001134041
1634,0.0051547475
6324,0.002047366
4535,0.0033076152
5748,0.050526842
105,0.0018486602
8971,0.0018280057
650,0.009327934
9486,0.0021862753
2035,0.001995385
7100,0.995814
1781,0.002071438
5892,0.0057298713
7597,0.9836294
2487,0.0044466737
8031,0.0030847758
4174,0.99272114
6704,0.0030145496
6495,0.003279122
8489,0.0035715185
1471,0.96398324
3991,0.971057
5639,0.0028618823
6370,0.14787658
6312,0.005351356
2996,0.9904833
5826,0.0038873558
788,0.009079445
5337,0.0020406856
6950,0.014898705
2259,0.0017469241
7457,0.0027386658
4877,0.0019633865
3234,0.00579306
7039,0.0159566
9164,0.0034017444
5980,0.005556769
9980,0.9937075
104,0.003598773
2972,0.001933063
5699,0.0018834854
2217,0.007143283
2978,0.0012883523
1330,0.0018758542
9961,0.017924974
3173,0.0019256216
8073,0.0020208268
4734,0.00097337965
8327,0.008810676
8171,0.07535861
3460,0.012060647
10127,0.038460635
9775,0.0033333534
7564,0.0014118474
2486,0.025597861
3631,0.9919668
1957,0.0800416
9824,0.013055968
7010,0.0027794575
7854,0.00084824197
1562,0.0041913213
10009,0.014403854
5552,0.0012443146
4095,0.009553415
8957,0.010020011
6908,0.04215387
7544,0.9959765
941,0.16910054
3290,0.0032445602
4876,0.031367548
5906,0.0028082058
8290,0.0030595455
2485,0.001625299
7342,0.0031716758
9649,0.0021157074
8078,0.78821796
6576,0.0019620678
9309,0.8852306
4006,0.004564666
7977,0.9803375
3609,0.0055912556
3533,0.0022830376
7946,0.0022127493
4928,0.005765689
4942,0.0042910003
1172,0.017288119
7312,0.0022935693
1977,0.0016991913
3193,0.006513758
2870,0.007786543
1301,0.9795379
9208,0.0019514238
6438,0.08877841
5074,0.0025877922
9635,0.005610233
92,0.0023647803
3756,0.013063861
7603,0.0017203047
8652,0.0012668618
9246,0.011366294
3895,0.003360163
4944,0.9926657
3191,0.09309558
2088,0.039389297
7066,0.012820864
317,0.0015074393
4717,0.0033373001
2103,0.29322678
7635,0.006644763
2392,0.98701817
1583,0.009074651
4443,0.04002948
9290,0.0014601932
934,0.96291995
378,0.038393315
5456,0.0013006718
453,0.041476756
6749,0.9815454
1662,0.0023650955
9280,0.003147502
7884,0.00646075
5394,0.0013858904
7649,0.0019700187
7878,0.0019829066
1875,0.0014765152
5077,0.0023543458
2013,0.9866737
9758,0.01022516
3966,0.018311016
5697,0.009159937
8913,0.9968798
9618,0.0020490424
1976,0.0023286396
4829,0.558414
5622,0.11058882
9401,0.0021365413
9065,0.0022506027
581,0.0015890306
5610,0.983331
2520,0.0021729202
7502,0.0049773413
3900,0.0020282143
3143,0.003150861
8130,0.0009923395
7478,0.001900853
6368,0.8937475
2601,0.98760426
4007,0.0018587498
5652,0.007941912
1020,0.0015552501
1455,0.016948193
2324,0.89840955
9920,0.009204624
9028,0.00207571
7429,0.0019215223
6016,0.001211693
7807,0.001538191
850,0.0032800417
4140,0.0022693046
9321,0.0019902107
5183,0.0039866413
4115,0.002287465
9508,0.007434391
89,0.0035569933
8687,0.97318757
4619,0.0011270377
2195,0.39803642
6917,0.0023890226
4721,0.0015729759
2465,0.0024235651
8208,0.012816845
575,0.003587376
4502,0.9761621
1276,0.0019396851
2026,0.96661067
5665,0.0028212818
5072,0.019195816
6922,0.015072585
4255,0.0024436403
5643,0.9374306
9048,0.48286057
6842,0.0019836577
1560,0.0033717505
4655,0.0034680183
10096,0.0034357326
5985,0.001475343
3933,0.0014365037
2114,0.8340672
6157,0.0016528883
8724,0.0016546061
3273,0.0015325127
6132,0.028297065
8152,0.0031179255
7528,0.0016545036
5909,0.9757488
2795,0.021964397
7910,0.0023756612
371,0.0016167714
3365,0.0022345218
8096,0.0033611082
5910,0.0014817972
9074,0.0040912665
9744,0.0018260734
9468,0.0018627101
9661,0.9785751
8314,0.0018441326
4076,0.00799582
8195,0.92819256
2454,0.020454448
178,0.91051733
3676,0.017383173
7852,0.0026573858
7514,0.019704266
34,0.004642595
7415,0.0014138509
6634,0.99483347
1747,0.0132961655
1854,0.013496765
3168,0.96063876
5953,0.0015859636
7647,0.0014471366
6606,0.98093915
10029,0.625058
2057,0.010643042
2698,0.0027270452
1417,0.97855204
6727,0.0015119719
2365,0.05892272
3568,0.0043335897
4603,0.0016750226
4814,0.0015570163
6088,0.0014471931
7090,0.9985209
1555,0.9113413
2098,0.007980648
4606,0.019689506
6607,0.04684826
7683,0.013995077
2084,0.0010594911
7627,0.01108567
1666,0.0110441465
2276,0.9916774
2164,0.0034112206
536,0.0025072861
3349,0.0023093137
282,0.004370533
5525,0.0032250064
2282,0.0017781579
3775,0.015839472
8607,0.94010705
3754,0.0021609438
2756,0.0025429802
5656,0.9117252
1234,0.0037269564
8138,0.08316451
1325,0.01324838
9650,0.0019588675
8725,0.94790304
6329,0.6063433
4836,0.048374217
5984,0.100408435
6302,0.9782453
6985,0.48866367
9600,0.0040869634
5684,0.12857427
2468,0.001206191
6500,0.0024459986
7356,0.0050186776
5889,0.0014082608
3439,0.004094386
1406,0.015521512
5736,0.0028556215
2536,0.0017682288
8895,0.004046167
8821,0.0014330456
4091,0.0017309965
4019,0.9900192
9740,0.9921733
7617,0.0010465393
5682,0.014461677
4337,0.017985124
7244,0.0017512518
6098,0.060156062
6628,0.43707776
7373,0.0019234127
2169,0.001895929
9102,0.99113137
8530,0.92240214
6858,0.056958936
6694,0.0014775392
2939,0.0015325214
4893,0.0022819866
5747,0.0011048596
3107,0.0010977832
8304,0.004460424
10042,0.9171205
9547,0.002177445
4321,0.9628806
6881,0.035862498
3662,0.043598093
7901,0.08747924
2802,0.0014145782
3938,0.02206302
4291,0.0037030177
6048,0.99536234
7643,0.9908009
3052,0.16457868
1685,0.0019412145
4281,0.00156573
2522,0.0014091582
8190,0.0037111791
208,0.058434244
9943,0.0014343632
9548,0.008012335
2401,0.005193954
7340,0.16923665
5190,0.99859387
2506,0.99159735
1193,0.0020824773
6569,0.001144482
5766,0.004774375
1727,0.0011909226
4030,0.0013599122
1346,0.010747688
9221,0.032306656
789,0.0014514786
1766,0.0028079224
6753,0.86665297
4425,0.9062221
7472,0.005925907
6884,0.0015203775
1423,0.0040445914
1967,0.001326894
4784,0.002016289
5416,0.9470835
3941,0.0015467671
633,0.005623438
7057,0.0016018243
3740,0.6850423
8630,0.0025716508
4360,0.018365476
6911,0.0018185031
4245,0.0018685173
7309,0.0021781165
2562,0.98589885
6610,0.8959021
2833,0.98731136
10044,0.002641643
1135,0.7584768
1494,0.0016433164
1536,0.0023771918
1483,0.007606593
4254,0.0021632358
6539,0.002897409
4953,0.8087415
10061,0.0028897598
2450,0.09495929
2227,0.0031687915
7954,0.0023779245
9042,0.99106896
3611,0.0017797091
6106,0.0033558125
8232,0.0051464154
8974,0.003163112
551,0.0015775551
7766,0.0020019743
7561,0.9896528
464,0.002849553
9070,0.0019959963
5366,0.001278562
6936,0.0013976482
9942,0.004362589
5872,0.0037095414
6259,0.0033020957
8032,0.0026624126
9207,0.8205496
4846,0.9963632
1284,0.0016775603
4817,0.0039016472
1703,0.6271708
1556,0.0022357127
3053,0.0019167236
5731,0.0012015204
9539,0.7401801
4248,0.5554031
5912,0.0031912315
2456,0.007396577
8553,0.008823536
1269,0.0012893308
673,0.77729374
4774,0.0022257662
4249,0.0025764399
8117,0.0014079738
4964,0.042466015
8873,0.004118078
9846,0.0015799226
5162,0.0013507684
4500,0.017833581
7435,0.0207774
1871,0.98098433
9917,0.0024103688
9684,0.015621548
8193,0.0021305701
1807,0.0019649887
824,0.0019897977
712,0.0016531934
5863,0.9831911
9658,0.0023593868
521,0.11791488
6359,0.010303952
264,0.001117146
2499,0.0019155254
1349,0.0062274807
4090,0.9276073
5247,0.011781551
2332,0.0021490024
61,0.0017339586
3199,0.00611199
8142,0.7437435
4761,0.0038693503
3068,0.0024425688
2714,0.001989383
7644,0.002563013
4936,0.99308443
3779,0.0026936964
8467,0.98556805
7210,0.0016905874
1918,0.0036402198
1628,0.0012660923
9334,0.007597236
6373,0.0030974182
2796,0.0041920617
3116,0.0061485237
5795,0.99739516
4612,0.0026659349
2941,0.0017147011
6924,0.001685525
3545,0.0020328097
1823,0.0036790716
6941,0.005616163
8310,0.771228
7283,0.001657725
7712,0.0021259158
1155,0.001685411
7907,0.0016452576
6411,0.0014899174
2625,0.0015837695
2814,0.0020636222
8091,0.0015748431
3282,0.016506117
6778,0.0036033068
8998,0.001650358
3570,0.021737786
2024,0.0014862077
4712,0.008938453
3584,0.08271842
9136,0.018356062
2687,0.021572175
2881,0.0016328233
9863,0.12457862
2031,0.0015316885
8241,0.9351243
4847,0.0033430182
9505,0.034088507
3793,0.0043489635
6909,0.86884934
704,0.0024968132
939,0.010334559
6398,0.044257164
5793,0.0016782552
4083,0.060388707
2234,0.0012348008
1461,0.005017152
4167,0.99579924
6990,0.99139625
5651,0.006342299
7733,0.0033554363
6337,0.84851575
8929,0.02267518
2984,0.9971506
326,0.026020195
4481,0.001457923
417,0.0010894208
6790,0.0018883286
7664,0.0019621965
2845,0.006228437
4541,0.0033744725
3661,0.0025018204
8701,0.0014149596
6190,0.0012679603
3880,0.000895213
4323,0.0018480266
10087,0.0014795709
3374,0.022298314
621,0.4585271
6130,0.05112445
7744,0.17910352
957,0.026107952
8563,0.00078699406
3328,0.002416152
6382,0.0013997275
7428,0.8410055
3994,0.006570191
7815,0.002705461
6291,0.00123978
3899,0.0015123867
8972,0.012014401
4911,0.9909637
7471,0.0016791135
6904,0.0020000697
1012,0.0014582061
4259,0.01630384
63,0.0016346602
10086,0.0023510712
9614,0.00315223
9218,0.0036340058
5908,0.03522298
5312,0.0014693799
4449,0.20005032
3912,0.0022204374
3921,0.0015400244
493,0.0021403388
2229,0.0025234062
755,0.0012295148
1120,0.0021250562
7764,0.028276382
4627,0.0021868267
7113,0.21660998
3249,0.04854316
6445,0.0020662104
7679,0.0016953246
7335,0.0049140346
2849,0.0055377246
4974,0.0013777562
7899,0.0012241127
8875,0.0023344052
1105,0.0020725538
8041,0.0033554651
7034,0.8898586
4587,0.002497906
4235,0.0038186384
5882,0.002414169
2288,0.01083709
2400,0.0021039494
9171,0.019388687
9262,0.00642665
9934,0.13230953
8997,0.002052616
7250,0.007787209
8747,0.0015573545
6762,0.003437746
5073,0.0015046485
723,0.020364428
6870,0.0028922171
4434,0.0028755001
80,0.007069292
2480,0.9560275
9412,0.02173056
1464,0.98226535
1927,0.99623126
9478,0.0018217657
8844,0.0043586995
7374,0.2962086
1730,0.0027569905
4965,0.011815036
4949,0.99470216
8018,0.9869522
1733,0.017531687
6932,0.21422759
6459,0.001352546
3916,0.0015585872
3340,0.0040035644
6689,0.98337144
7314,0.0023510845
3947,0.06497493
6816,0.0017978923
5410,0.0021051373
1891,0.0029703574
486,0.0019700862
5968,0.9715063
5829,0.0012351031
800,0.9971495
1882,0.9171574
5690,0.0022965588
853,0.0018145863
5537,0.011899235
1877,0.0029540886
9947,0.99259806
3593,0.009761975
9647,0.0031609386
6026,0.0014008038
2827,0.0024117655
3796,0.0024144056
6251,0.0021864937
6363,0.0016299108
1559,0.0016238157
6844,0.99512285
9898,0.988447
4769,0.0017074797
1744,0.0047724834
3210,0.93614656
1917,0.007992356
7362,0.0015904203
2554,0.004656058
4383,0.014257144
3527,0.0032277114
8174,0.009717732
8064,0.001138993
5334,0.0010306431
3200,0.99805033
9454,0.002038948
5005,0.004144212
4544,0.0047557233
8367,0.07122624
2910,0.021514514
4849,0.0017958601
328,0.0012722246
635,0.0032887985
3425,0.0028574253
3960,0.0012443146
9023,0.4883081
4456,0.0010070398
4845,0.0024607892
5566,0.001859863
7359,0.0032828394
313,0.0012451825
552,0.020837033
10015,0.0028792925
1217,0.10770376
6110,0.0022459028
3152,0.0015131128
8706,0.005968267
9418,0.0024621098
1725,0.0019603372
6743,0.0018579467
5225,0.005601233
2154,0.0072511937
4439,0.9978787
347,0.0027237039
4264,0.03440957
6155,0.9788376
7392,0.0049396115
6460,0.0017170045
3023,0.0036213654
6353,0.6820973
384,0.99492466
4628,0.004503358
1681,0.001163235
7053,0.0016143428
6208,0.0020807004
5020,0.0055367053
1281,0.011428888
8779,0.0028558576
9970,0.99268097
7538,0.011418776
5752,0.13029109
5404,0.0021439593
1857,0.0019829366
3672,0.05450554
5857,0.0012523452
8123,0.001599191
1851,0.9234177
5865,0.0017371626
465,0.929838
3843,0.0014102592
4478,0.0021168413
9868,0.0010987342
4772,0.006946982
2463,0.024487251
1112,0.0030240575
330,0.0065167765
5786,0.0022149612
231,0.09110561
2251,0.13730255
1137,0.0018773262
1589,0.0016040725
3452,0.0017678973
3865,0.0071261576
5030,0.06177902
7427,0.0017916937
3021,0.0020897833
2358,0.057204958
5787,0.0011690458
1966,0.0027599866
3785,0.001509272
4747,0.010198989
8757,0.040797856
1994,0.0066801924
4924,0.01092479
7281,0.0020525868
3627,0.004177183
624,0.0019567022
154,0.92762005
506,0.0021461046
2410,0.0012971399
8131,0.006060316
1335,0.0020447487
3298,0.0024818094
9599,0.031447534
6912,0.002897715
4706,0.013720558
4737,0.0016387634
1057,0.0014997935
5433,0.0014920798
4180,0.0054812967
902,0.028373556
4313,0.002342283
8739,0.016026823
2056,0.37190127
3185,0.0026184008
5709,0.005369005
1131,0.0024653866
5934,0.0012822658
5461,0.95615274
1430,0.0013280748
1058,0.009426632
4896,0.0032683706
2300,0.002622134
8476,0.0013052275
3183,0.0011369995
639,0.0012782662
2469,0.61132365
10090,0.00275709
9698,0.03576557
3955,0.002446527
569,0.053414058
2131,0.0023077563
5460,0.012799867
8632,0.0025458508
7717,0.005460681
5890,0.88861996
1965,0.012309717
9295,0.0031532582
2399,0.006468523
6102,0.0014793735
4725,0.24750519
4106,0.0019547755
5567,0.0023060224
8666,0.0018419061
1987,0.0022716096
2264,0.97684586
5187,0.011200463
3647,0.003552043
3863,0.0039860792
6209,0.99515355
5528,0.0013618552
4692,0.001280895
7904,0.0026618608
8387,0.008582709
6700,0.001953717
1144,0.00135876
256,0.00221304
9063,0.0033926296
4186,0.0020840494
6525,0.0016496276
3919,0.98807865
9485,0.0014818959
7420,0.0016804056
6476,0.007525845
9675,0.0010090095
1376,0.20831868
8485,0.9675038
8098,0.93271405
5976,0.0012560341
6424,0.0030483466
8377,0.0022549627
4336,0.9949786
4049,0.033392426
1467,0.003825763
8429,0.0067066546
8350,0.002358857
3708,0.0061320066
6354,0.0016234678
2205,0.0034116907
4329,0.0014794638
4991,0.0020977575
8689,0.010030072
2526,0.0025328987
8143,0.002369952
2871,0.0016378649
8036,0.80542
2489,0.97758365
618,0.0017257377
6461,0.006387879
3795,0.09044991
6043,0.3523024
5726,0.0033186057
2232,0.0013487707
3653,0.0022268528
7151,0.0100810025
4326,0.0010696398
1152,0.00274298
8236,0.0013771816
3471,0.0015275476
5919,0.0022302268
9052,0.0023803036
7380,0.004213399
8673,0.001915673
7000,0.068536974
3630,0.002477391
5181,0.00170115
9242,0.0048563434
9919,0.0019240517
4711,0.49725533
3518,0.0018885443
8740,0.0016706667
7555,0.0027007845
5061,0.002654607
7746,0.0018514143
7127,0.03534076
6643,0.7131863
9637,0.001591767
1153,0.0023061365
9952,0.0020943964
40,0.0016687656
1040,0.0019533844
2999,0.0016619745
2291,0.0017143127
6902,0.0022504036
6199,0.0016933002
980,0.002235862
6656,0.02198008
253,0.011404939
2274,0.0038741946
2545,0.0015729804
4851,0.95254093
4762,0.9927839
1454,0.0026429673
7152,0.0011838548
3542,0.009213844
2949,0.001827783
9159,0.0023125373
4388,0.0017095763
7600,0.0014092885
5326,0.0020829807
8908,0.040142614
6740,0.58385575
4809,0.0027874014
6092,0.98928946
8549,0.0017613339
6031,0.007320807
3698,0.001408647
5411,0.004532219
2066,0.002235313
8910,0.001218213
5260,0.00147355
9515,0.0019641828
1916,0.002067861
9452,0.0028170564
4492,0.0014432542
4872,0.0033007276
3539,0.017018095
314,0.0015969619
5431,0.00382649
6200,0.0014761847
9742,0.0036551566
9598,0.01578105
1762,0.024776835
8444,0.0017001833
3154,0.0012176365
7657,0.0036290386
8754,0.8517081
2904,0.004852907
5719,0.038423166
9305,0.0023747706
8303,0.99747807
3370,0.0025946961
1011,0.017938593
3378,0.001517216
3122,0.0017955868
2926,0.83890474
43,0.048139177
9092,0.99506265
7830,0.004128054
4686,0.0016201263
7975,0.012139802
1576,0.00205097
7963,0.0011809107
4625,0.66907996
10118,0.004125367
4160,0.0015970576
281,0.9828012
273,0.98860276
8477,0.98807377
779,0.0029733386
548,0.0055633443
9199,0.0019506494
4169,0.0014288062
2718,0.012191038
1979,0.0022388871
8668,0.98201007
2676,0.08872837
2374,0.00577054
2694,0.9944007
7214,0.98641646
1395,0.041632302
6238,0.0034984578
7888,0.0029696657
3908,0.0020292415
7903,0.0021538814
5677,0.0013801372
5308,0.001125557
9626,0.018761057
676,0.0039400137
4519,0.008355336
10056,0.93613654
5121,0.67148197
5806,0.0022686613
5621,0.0020648127
7941,0.00347809
2615,0.014887722
3883,0.0013269824
3981,0.001612619
988,0.91038305
544,0.0018162748
2898,0.0069687595
6543,0.0014104901
5068,0.0022965502
4219,0.0016404554
7519,0.0036651625
6193,0.8814825
7406,0.0013094099
9314,0.005676469
7248,0.0014575204
6529,0.0016857641
6760,0.22976686
6114,0.0013345184
3574,0.0032593112
1830,0.0027896822
5822,0.98447824
2333,0.9935888
9665,0.0015426648
3432,0.001306134
8543,0.0018485738
8944,0.004129614
1422,0.0019723994
3070,0.001181542
5926,0.03779015
8993,0.0051045916
6281,0.0015863006
4241,0.0028805714
6083,0.0038726549
3403,0.0013113193
3659,0.0017254058
5408,0.0018444537
403,0.0017033247
931,0.07987406
9167,0.0041727345
9261,0.0020341761
8856,0.0012904512
4750,0.8763137
10111,0.0021261747
7386,0.9969489
5242,0.0021804494
8431,0.82025224
7821,0.0018442728
6378,0.001299321
1616,0.0017044262
1956,0.0013774859
8657,0.0014284552
8986,0.003747177
3160,0.0019751065
9250,0.0021934581
4644,0.0013971453
2663,0.0021608223
2647,0.0024909368
1758,0.0076180333
8906,0.0017097603
9196,0.0024236804
6012,0.9893573
9410,0.0018097786
2701,0.002021219
1680,0.006413316
3565,0.0014285328
9203,0.9921497
7293,0.039933767
5563,0.03178647
389,0.009159997
5027,0.0051684664
10003,0.0007247712
10006,0.0014770876
8199,0.0013231775
2723,0.0018900406
468,0.0024190524
5539,0.9725108
4786,0.0024839328
7506,0.01395884
2168,0.0033042403
5702,0.0025545622
2010,0.0055627665
461,0.0074705402
6730,0.0030363451
1842,0.0019038355
3281,0.0023066786
746,0.016891474
7144,0.96378475
7688,0.0018238514
4319,0.0017954551
2156,0.0018828758
5235,0.0068861376
6548,0.0027208326
5116,0.0020236697
1287,0.09532271
490,0.0012261524
3101,0.009000082
965,0.006213149
4599,0.0039664935
8584,0.0018188893
3466,0.005096377
8722,0.007417267
8490,0.010043916
9869,0.0014723269
8557,0.0018506602
3650,0.0017820454
2571,0.57233196
6702,0.4723278
2968,0.18807708
8884,0.00429505
7835,0.0019973742
1603,0.0026664496
2741,0.0026086087
4412,0.0011433031
6296,0.005317345
4150,0.002079479
379,0.5737306
2732,0.003731566
8958,0.0023378124
3411,0.0032371571
8547,0.005824881
1262,0.2071656
33,0.0026127757
8566,0.0027645205
3465,0.0012594975
2575,0.0020135026
5680,0.001948293
4021,0.43280002
2448,0.9927765
4122,0.0031733376
6133,0.003909925
4485,0.04246003
5104,0.0013637227
9818,0.18146703
458,0.0057959612
9755,0.88475686
1041,0.019319281
4815,0.0022227967
8188,0.0017998755
6691,0.0022180807
2600,0.99888355
8054,0.0014997935
6506,0.011924334
9578,0.39141256
5560,0.1397769
8545,0.0017484216
3888,0.014341263
8849,0.8564616
1561,0.0025722233
6967,0.0014695255
9413,0.10989272
1645,0.9920431
2699,0.0017267663
3519,0.0032529752
6669,0.0016168946
1988,0.08322874
1377,0.0019998015
3004,0.0061949976
6276,0.0033534532
4037,0.013597408
3717,0.0024867603
2017,0.0042517274
1038,0.09346313
3943,0.01792697
1505,0.028335532
2990,0.9447751
1485,0.01569721
8203,0.0042557144
2277,0.0038314767
5132,0.85709566
8189,0.9627163
4217,0.010072499
2128,0.01929715
3723,0.0066658775
1180,0.0018290168
1731,0.003280431
715,0.0033341995
9541,0.99687386
2524,0.0018256457
7729,0.86138886
8111,0.0018610477
3951,0.017461259
3225,0.0014586687
4277,0.0013540193
1402,0.00088540494
7242,0.016581604
396,0.004228394
6441,0.82809794
8257,0.76773
763,0.0012815759
5546,0.0712266
5613,0.0011024583
2969,0.8465695
899,0.039687715
804,0.007347315
3111,0.19135354
393,0.004607059
3766,0.0033060813
714,0.0053050043
7200,0.0028446717
1300,0.0013987601
7786,0.16741183
8253,0.0057855537
7221,0.033658464
6581,0.002975375
3956,0.0027459657
8045,0.0011512284
8589,0.8200613
2327,0.004016568
9323,0.0024046586
7843,0.002095515
7582,0.9278172
2214,0.002574458
8084,0.012392395
7518,0.0019971936
6271,0.0024442077
6807,0.0031555253
9840,0.0024587766
6384,0.0023174358
9379,0.0014963441
1791,0.0033437363
3147,0.0044306847
973,0.018417167
9610,0.0015988911
8079,0.024533754
1254,0.0040142243
7887,0.0024827183
9571,0.002928192
3089,0.004087404
2854,0.015949696
7156,0.9665485
6080,0.603789
10041,0.0082139345
7286,0.0013766034
5468,0.004809846
3092,0.0016837415
9938,0.0030567746
6682,0.009539564
2130,0.14209177
2181,0.002672312
6764,0.0013868449
5668,0.010093049
2710,0.002538369
4389,0.9967456
4398,0.074097395
1383,0.0065576946
225,0.013448953
5276,0.0019825972
4176,0.0014493059
106,0.8822632
8450,0.0025801703
3737,0.0014714776
6800,0.0015551331
4796,0.0014794975
5198,0.12953669
6683,0.0030794514
5191,0.0017633304
4036,0.004766094
290,0.008092888
5716,0.4442907
7698,0.0014553831
5866,0.022823598
2673,0.05248621
6032,0.0017956841
9417,0.15562433
8954,0.0034568352
4791,0.0017079869
298,0.015460498
10076,0.0037449687
7081,0.9926668
4707,0.0019230392
6334,0.0031302064
7239,0.99650794
7551,0.93359107
3336,0.3588209
148,0.0034925465
1648,0.0018829134
1469,0.0018749314
6827,0.0037207257
3990,0.007824532
4666,0.0025425619
2430,0.002962023
8207,0.0025013492
58,0.0012609054
4778,0.986699
587,0.024168596
9277,0.010971208
4483,0.002105057
8443,0.002734218
8902,0.0031782947
9557,0.0008627228
4299,0.016249776
522,0.0015710868
6084,0.99701154
1216,0.0011964827
5370,0.0018962612
9434,0.0026982194
210,0.0031308345
1490,0.008435283
8832,0.030819505
1168,0.0019088563
5794,0.0024245037
8980,0.0030847082
2955,0.0023218587
3773,0.0015507813
7385,0.001621228
6782,0.0025518662
3946,0.0025719614
1599,0.75410104
6470,0.001468082
5757,0.0026118637
3735,0.08453035
8391,0.0034269323
4552,0.051624566
7336,0.0023586932
9151,0.0024702908
7945,0.0038203222
5700,0.001449524
6710,0.0022566349
1271,0.23594815
7354,0.00257757
5182,0.002153785
3335,0.7484454
3054,0.0019263496
7104,0.0035812962
6347,0.0022797058
6419,0.0016339523
2075,0.0038629633
1370,0.001705975
9108,0.025659867
7120,0.024778023
8572,0.026065985
5440,0.37953085
7366,0.9898177
2657,0.003923867
6051,0.005410989
913,0.0012895789
8478,0.0029300998
8141,0.0013183119
5534,0.002578963
8924,0.052856
4906,0.9892075
6025,0.0032462103
9251,0.0047509028
5088,0.0017159734
1595,0.007442456
7218,0.006411815
9512,0.0022239308
8996,0.7303815
2492,0.0010748627
8251,0.0018115746
47,0.05408844
728,0.00596748
5453,0.0013848863
3649,0.003621247
1572,0.002743254
5043,0.019212341
2753,0.9889397
6417,0.053909
5485,0.0022126252
5510,0.0020349042
1694,0.011095377
9572,0.9579771
2225,0.39426845
1099,0.0014861694
1226,0.002948661
6638,0.0017105679
7608,0.98422146
3478,0.7399966
4462,0.0018783504
9003,0.0017844696
3179,0.018988542
2027,0.9477395
2812,0.0027702053
1828,0.002688227
8709,0.0020862957
8554,0.0014034397
935,0.6343136
6982,0.0028298937
1147,0.0020615668
7102,0.004561545
3437,0.051531218
1181,0.0026360457
4087,0.006753691
7794,0.013398635
4882,0.0030165538
329,0.95439565
4794,0.0022493696
9769,0.022890672
5741,0.0026449943
426,0.0014660843
3079,0.06947461
3964,0.9964671
4413,0.99487007
2081,0.002008616
4297,0.64343476
617,0.12486067
7060,0.053620033
8848,0.0026987328
7935,0.0028642726
118,0.0018410683
5632,0.036944702
8614,0.011154959
5792,0.001961401
9326,0.0060830093
5640,0.0012980817
1319,0.0016426109
9853,0.006653837
5671,0.0015792188
10028,0.0010947254
5463,0.90918934
5883,0.0019398403
3825,0.004774529
793,0.0023938618
7035,0.0012902815
683,0.16115558
601,0.3793461
6491,0.0035570508
5373,0.0015681605
3366,0.0017777975
9511,0.9372839
2312,0.5710732
8475,0.0017809583
321,0.15076432
2668,0.022571756
736,0.0063395225
3211,0.0017113156
8204,0.0062082224
7596,0.0039472776
9798,0.0021443693
5789,0.0016873778
4062,0.0027574755
9123,0.23953512
5047,0.22342041
3645,0.0023207676
1345,0.0026827892
1719,0.0040725814
9850,0.0056102835
5126,0.0034747384
6937,0.9873487
8070,0.0038635982
9336,0.0021914889
8127,0.029020159
5071,0.12094136
9002,0.0022850176
3119,0.989726
2140,0.026925554
9053,0.005620828
7055,0.0019461948
6815,0.002249986
5778,0.0013413995
784,0.8987009
7009,0.0016066725
7660,0.890018
5927,0.9719151
4181,0.0014291832
5120,0.0012798888
1507,0.032298278
4468,0.022606004
745,0.00220895
2721,0.0021329923
8180,0.9946026
3891,0.0021115015
9407,0.005832239
1204,0.032923833
9926,0.0016194893
922,0.0010472315
8911,0.0017644101
615,0.0059790034
9821,0.0039237496
7646,0.0021942765
6715,0.005651089
2149,0.99267685
7074,0.0044945995
3643,0.40204802
2945,0.0031672134
783,0.005087065
5488,0.0016440018
1085,0.032878455
9144,0.002399955
9809,0.002360103
5098,0.0014247776
5142,0.0024233991
1238,0.26396328
1393,0.0014523842
3607,0.0016953957
2829,0.0017641129
4617,0.023626417
5278,0.0020908993
5913,0.0027081976
1457,0.0015891031
2922,0.022050148
236,0.0028859836
8897,0.009020681
9697,0.04808002
4488,0.0026936221
7337,0.0025693402
1127,0.78248936
3165,0.9839485
3550,0.92515033
8173,0.0050747017
3605,0.016208421
7349,0.0024216059
7986,0.02295713
5035,0.026489435
2531,0.0054965704
4793,0.0013349672
10004,0.39119905
5945,0.0017486461
7033,0.0017103659
5252,0.004638921
5800,0.0016029106
6951,0.0041961605
5595,0.003335331
9137,0.0018529658
6973,0.97669095
9660,0.006663585
1631,0.01819131
4189,0.003520448
1569,0.0053134398
7990,0.039473046
370,0.009860228
889,0.99297196
6489,0.003577784
357,0.0011201532
3268,0.0023790991
10121,0.0015436816
272,0.0041700997
120,0.0035986346
1299,0.0015652113
9237,0.0018376067
1298,0.9928382
355,0.008676765
152,0.97784245
6167,0.0018905732
890,0.0014012613
9907,0.0026064063
5839,0.0026845017
3811,0.0017430203
6533,0.97882426
373,0.027322708
9293,0.0023292624
6274,0.0024240147
5988,0.0019143423
9091,0.015427492
2789,0.0035167565
5558,0.0016513529
8288,0.07856362
7751,0.0042489264
6196,0.0011169917
7431,0.9752491
2887,0.0025847047
1737,0.024428988
2907,0.0014642383
983,0.0031490133
7487,0.0016448817
6269,0.08919228
9132,0.0016679856
3566,0.0034391282
9991,0.017143078
1243,0.0020667433
4660,0.0015728425
9882,0.534981
7860,0.0023644723
3538,0.0023768502
7924,0.0051515084
8962,0.0030471757
6647,0.0021796445
4195,0.009332412
8617,0.0013956692
5974,0.012183971
4790,0.017975844
647,0.0025776778
5049,0.023499351
2020,0.0013804355
9516,0.0025561785
3163,0.0014821811
9220,0.0024471323
267,0.0017693755
3312,0.0012443146
534,0.0025212395
5523,0.0016764986
6515,0.0019659859
1273,0.004172049
6687,0.0023776803
292,0.98365015
2153,0.0029701286
8917,0.0019751857
6273,0.0037795175
3057,0.010913043
4284,0.9919808
6560,0.0046720956
5599,0.9106305
2640,0.0018984899
8970,0.9502565
6999,0.97296494
9910,0.015515714
1342,0.9936759
1410,0.93929225
9335,0.011134753
5227,0.9925209
7446,0.0020585456
3555,0.98002213
1426,0.0017137611
3261,0.15129103
6688,0.0064977035
2846,0.0075577744
6166,0.0031853062
3893,0.16984259
3236,0.9671195
8472,0.015825044
9501,0.0042198417
3688,0.0024571188
2568,0.0022189992
9565,0.03733903
7019,0.9869991
2761,0.9381376
1533,0.0018877068
1679,0.0021195041
7639,0.0032077406
3244,0.0014009065
2822,0.0026406
3913,0.011430979
2104,0.0014922475
636,0.0011898102
6802,0.0013059811
4987,0.011295814
4828,0.9172639
4771,0.0038301377
4446,0.0012445351
6017,0.0017827495
6482,0.0036063862
8259,0.0028377385
4173,0.0040492713
989,0.0020950942
8093,0.9002029
5590,0.0032636765
6732,0.007366621
7464,0.0017374005
7913,0.0024546585
756,0.0014497932
1529,0.0051232674
390,0.002103473
5733,0.0018729782
416,0.0014787102
538,0.014093994
9449,0.014135306
6125,0.14478563
2962,0.45625144
1853,0.0035239726
6082,0.6687431
9967,0.036429755
8110,0.0020140507
2352,0.0032229193
2344,0.0015712993
3133,0.001290364
5243,0.95233923
3019,0.0055596763
5816,0.0011717461
9287,0.0021554807
6103,0.0021743246
6418,0.0017361275
6624,0.0013936927
9767,0.0012244286
1434,0.9751465
6165,0.0022096164
5921,0.0010707837
7304,0.017546361
6826,0.0021829617
7310,0.0039420617
5860,0.020070786
3358,0.0021734743
8072,0.0034248515
6203,0.006887423
4226,0.015526219
2650,0.018814117
2134,0.004468541
3590,0.21844806
1148,0.99677414
526,0.0020723548
5939,0.0019535052
5770,0.0021604996
4214,0.0020086046
8001,0.0025473116
839,0.001338741
801,0.98800397
1444,0.0015867491
8843,0.006763909
2458,0.004299839
5556,0.96008366
5564,0.95514816
4575,0.0026296973
2544,0.0066373516
2446,0.95430815
3537,0.0023324403
3572,0.001867406
324,0.0037393442
3078,0.0011179743
1787,0.0069544534
3421,0.055650607
7288,0.78320384
9292,0.001444731
4885,0.0043227705
1270,0.0017724236
9462,0.001215473
3575,0.0024003272
8932,0.0016742813
3731,0.0013278484
4290,0.023112573
7944,0.0030199026
8580,0.0020511535
8836,0.0013431163
6717,0.004849656
3755,0.0021097823
6834,0.0038755455
9950,0.0019348209
6886,0.010755554
7666,0.0045647593
1363,0.0016974095
5938,0.001991774
3601,0.0023650213
9414,0.004686967
8846,0.003903831
9268,0.6301039
3321,0.008755571
684,0.00254195
1625,0.0027238645
8484,0.0012455573
4048,0.0013574369
9725,0.0024680404
74,0.8128147
5062,0.0016202157
6390,0.002467045
1194,0.0012793891
3561,0.0016846203
7749,0.0065166657
8201,0.0023193108
871,0.6650605
3049,0.8657489
5718,0.0023074315
1014,0.010330511
2865,0.04248415
3113,0.0015581525
8256,0.892216
5676,0.023256885
4792,0.04338807
1711,0.17740344
8315,0.0015969435
7295,0.0015823978
5248,0.17971878
146,0.009506192
9471,0.0026591304
5954,0.0013678643
3256,0.51995546
711,0.0015843683
9206,0.0018057105
4079,0.06731502
4957,0.0023571253
1450,0.0038032148
8125,0.5149955
8493,0.026888657
2505,0.0023571565
1190,0.0048192157
7202,0.005262065
701,0.050127085
1334,0.001172723
5188,0.0014735641
5427,0.002841338
2790,0.01739536
481,0.9962876
8700,0.0016837622
2283,0.26114306
2924,0.14288457
6693,0.007302712
568,0.9735883
1067,0.0014050322
1101,0.0022652617
5992,0.0012717388
5172,0.9974464
6189,0.0061192336
7123,0.0011868333
1379,0.9947179
413,0.017269624
9756,0.008180865
2539,0.002324989
1338,0.0029104867
4354,0.0020682504
5615,0.0020377124
3747,0.0018848771
8270,0.00772756
4690,0.008339508
5425,0.0013471248
4486,0.0029202588
9131,0.87499255
4614,0.0015496019
211,0.4893677
7784,0.001346899
8564,0.0042253956
4673,0.0013673758
8806,0.0021556325
4190,0.0029889059
3435,0.99528044
3408,0.0016565084
6499,0.9843285
3341,0.08100001
1834,0.9959941
1998,0.0025989816
6076,0.9910506
994,0.0012796962
1889,0.0056912554
5712,0.085665494
3652,0.0017032778
5818,0.0024893284
323,0.0021195465
4687,0.0032354803
3463,0.0018990827
1321,0.9806342
6311,0.98771393
2569,0.98888004
8608,0.0042971103
4714,0.48134896
293,0.012796848
878,0.9308692
8107,0.006378298
4068,0.010036963
7041,0.99218094
2674,0.0018058892
9705,0.0027754055
4984,0.014653029
3774,0.018496528
6920,0.012332842
4350,0.010046088
4751,0.0067444975
1156,0.0035466903
5695,0.009469312
5476,0.0040066494
1738,0.0018260421
7205,0.003370171
3381,0.0036011846
3823,0.0041268403
3394,0.001278148
6685,0.0020185432
5484,0.003925224
2659,0.008535803
9142,0.009428805
8482,0.002157422
9359,0.55751634
3446,0.9332125
3337,0.06804562
5972,0.80444217
5543,0.0032184678
1816,0.0018257414
9623,0.6153871
5971,0.0031030744
203,0.0021641974
1368,0.0019294287
9365,0.0014047072
7169,0.19463615
856,0.008440861
4559,0.0019037195
3494,0.0016343304
9031,0.67382437
3451,0.0016366988
8398,0.0020931768
1591,0.08382082
3433,0.007857428
8445,0.0018854028
6765,0.0069030076
2138,0.008537749
1872,0.0014388873
1855,0.9924629
5297,0.0022578163
5911,0.06973254
1705,0.0014066858
8057,0.0038891362
2278,0.0031143348
8012,0.0036201354
10084,0.8402642
2297,0.0022741077
1881,0.0020017836
1920,0.0014040305
4401,0.002893964
6062,0.0016136912
7893,0.30834505
6797,0.0018190658
1437,0.0011658287
6906,0.40397844
5407,0.008841695
446,0.0020216096
8648,0.011514622
2809,0.0030302543
8814,0.001615093
4913,0.016369853
165,0.9784354
2726,0.0013097903
1849,0.60747975
7084,0.003172282
1683,0.08970165
9286,0.02041167
1509,0.0019086602
491,0.7720439
2591,0.9630968
9113,0.0012341801
2839,0.0021857386
5843,0.0010641108
5391,0.0072848415
5156,0.0014855285
4824,0.009397548
1999,0.001432613
1813,0.98081243
4840,0.015971145
8603,0.004883607
8434,0.0015552354
5007,0.0018114194
7996,0.9980691
5583,0.0017028612
3805,0.9305283
8498,0.94980776
5519,0.002904747
3501,0.0012038827
658,0.0012596773
6517,0.0015963492
698,0.008250506
247,0.003124899
9540,0.002731167
565,0.003814853
8217,0.0024011151
9139,0.00663123
2022,0.9938791
7495,0.215479
7826,0.001946747
110,0.99456364
5327,0.0035005915
2915,0.05334475
3428,0.11522714
6627,0.95484984
5956,0.9890183
3454,0.0013916992
6485,0.0041059013
5505,0.001347823
7962,0.0016907725
6118,0.014062741
1768,0.002925548
8816,0.015112307
1072,0.002406849
8235,0.9450401
2648,0.0016777025
6523,0.0018200479
6690,0.0024894185
4038,0.96972924
7504,0.0030117736
8128,0.024516335
9833,0.9669515
9098,0.0014655357
4013,0.0014879254
1624,0.032607317
5253,0.3930634
2443,0.0021671897
7691,0.0020182242
8573,0.002204433
814,0.0013011179
9905,0.0017028772
1949,0.0018352378
2709,0.008948782
4202,0.0017483932
5967,0.00794935
9955,0.009817073
6089,0.0025449696
2805,0.002141119
817,0.002978276
9332,0.006369374
2061,0.002260161
1366,0.0048115426
1095,0.0016441067
9150,0.99029
7404,0.0016067597
249,0.0036688
7162,0.002850572
2079,0.006336189
9424,0.005955584
7319,0.001488899
3385,0.0028055257
5261,0.0031103967
27,0.06901389
6549,0.0023391831
1487,0.004227338
2835,0.9940012
4402,0.9954464
2462,0.0030657186
1073,0.001509193
9430,0.4529531
9963,0.9811172
3322,0.9971993
7798,0.046724744
2961,0.0042336937
948,0.9943619
9273,0.0018354021
8313,0.0071022194
1244,0.0013513023
1306,0.0033426178
6532,0.0053006653
8449,0.0030898948
9584,0.0013324103
830,0.004691641
7158,0.0039294343
7545,0.001926964
8934,0.89863646
5324,0.99544036
9429,0.055814646
4910,0.0040653083
5708,0.0014554898
8422,0.0015824655
3496,0.010740658
4752,0.003714435
8227,0.0013294099
5414,0.5502222
2913,0.9542541
4005,0.0022706178
4441,0.0014521255
4113,0.022053275
4461,0.0019085783
6154,0.001263909
7492,0.0019181581
9588,0.15758434
8392,0.0023414453
7953,0.0019185652
729,0.008973017
3816,0.6159515
3673,0.002110929
8451,0.029204411
4869,0.0018403429
7099,0.98745745
3973,0.011929402
1052,0.008816282
263,0.99799216
5642,0.0015145312
2565,0.071266614
2556,0.0017270673
6392,0.002054461
4636,0.93828535
6140,0.99680734
4274,0.091425404
9779,0.15999877
5662,0.033459626
1699,0.0015296581
1936,0.062826216
4192,0.9924272
5036,0.0016385979
4100,0.97831047
8037,0.07691414
9581,0.0016761858
9507,0.006594599
10022,0.0009427673
5193,0.0018430847
5791,0.0138732875
5902,0.0017433902
1387,0.00891344
8454,0.9942061
6625,0.008800505
462,0.0018533857
3857,0.0015313646
451,0.0015250797
3377,0.0039859125
4233,0.0012342964
1538,0.0055215615
10014,0.024566825
785,0.0056529194
3741,0.14174004
1590,0.94129276
6864,0.0028334188
6974,0.006640383
3146,0.004951511
7343,0.9625953
545,0.05610325
4365,0.0027500272
2188,0.02933123
9223,0.003566123
8717,0.9929877
4729,0.0051774504
1532,0.001826261
9860,0.03597659
9801,0.0012702171
7332,0.0013448482
1177,0.9346729
1522,0.002702817
2940,0.07448507
5657,0.0018279256
7974,0.0020515167
6555,0.916848
5698,0.9929751
5234,0.007835108
1669,0.111414544
2951,0.021821974
2859,0.0036513312
6236,0.9912896
8951,0.003223434
9387,0.0107672755
8066,0.0030663775
7135,0.011474106
3923,0.0035374437
3149,0.0027618823
7047,0.027757192
2574,0.06885077
9889,0.009444485
8386,0.0018476344
8804,0.0036124708
6351,0.00130239
2713,0.010667753
6770,0.99386334
4495,0.0023386667
717,0.0020360085
2690,0.0017996252
7266,0.002586552
708,0.009461506
6898,0.0053228787
7021,0.002577798
7776,0.0013341741
3624,0.0044694277
9659,0.9894723
1249,0.004213335
81,0.8844541
6160,0.0018282388
6280,0.0026097852
9672,0.015309553
1682,0.99642867
202,0.027806798
9189,0.0364542
8469,0.0013343825
4306,0.0013513307
1983,0.0040625446
6698,0.0015046914
4862,0.0031652024
1164,0.99660385
605,0.070446104
9497,0.0023590568
2146,0.0021011361
606,0.9929108
4477,0.858324
5340,0.0026854135
5753,0.0020511923
8888,0.0012184195
1587,0.001720783
739,0.0015445815
5422,0.0029624824
4554,0.947338
4775,0.0030363481
8651,0.0024966067
4357,0.0016281736
9488,0.050596014
3360,0.059485845
1971,0.0026640894
7494,0.97892064
7611,0.002171343
6212,0.03524765
5577,0.047584113
3297,0.0016733746
1336,0.001933891
2875,0.0015813238
721,0.003428274
8166,0.0014590146
6213,0.27815005
7196,0.018938787
3654,0.18523926
1745,0.0022586973
8569,0.0032737185
4818,0.001309118
8271,0.010916756
9082,0.49012244
2167,0.001548416
7704,0.019253198
4867,0.54037976
10073,0.003847563
1661,0.26099357
5849,0.875141
7716,0.029617578
4513,0.0018778499
260,0.0010171913
8144,0.0013124401
9567,0.0017156842
2513,0.0013920983
9976,0.00135221
5470,0.002715086
1577,0.0033015967
8909,0.001787826
7141,0.008265291
1779,0.0108489245
7219,0.0007836863
7432,0.001784551
2541,0.020668156
9682,0.0050625415
8891,0.8313667
8809,0.004505201
8807,0.0023310648
3887,0.30289042
9214,0.9883563
9088,0.014840465
1543,0.0024862967
786,0.0033416108
4469,0.0062282006
8808,0.0026468062
4287,0.002876482
8415,0.00155998
9781,0.9918075
593,0.9195828
4381,0.0026812612
6192,0.005729779
5581,0.0021844099
6300,0.048357856
8014,0.011059073
3376,0.006890894
45,0.020027628
1266,0.08293284
9034,0.0013460206
9992,0.0016377931
7451,0.003368858
5409,0.0022176777
10089,0.99176896
1022,0.0068607526
1026,0.39501902
7590,0.9937391
1597,0.99360067
6019,0.002222805
4764,0.0013634514
1776,0.006817369
3455,0.0017666589
9642,0.0054548676
5952,0.0015043948
6056,0.0039488524
8399,0.0012788323
2882,0.0013515764
6722,0.002426525
6162,0.0024734982
8385,0.0021087304
4314,0.096078046
7013,0.0018769475
3391,0.007999562
7939,0.008845653
5526,0.0016649836
1940,0.010842836
5658,0.0019349426
770,0.0075132726
9451,0.0027862804
5681,0.004079628
8124,0.0013555534
10035,0.4904903
8964,0.0031261677
5355,0.94866216
3950,0.028295033
217,0.0014758236
9800,0.0010723885
8322,0.1010037
8176,0.0013107724
4278,0.0016282744
102,0.002530281
9715,0.0016546423
9662,0.001448834
752,0.0023189688
3976,0.0011491457
5541,0.0032480808
3935,0.99334806
3486,0.0014492493
1516,0.0020377007
4694,0.0018901053
6938,0.0019111889
2185,0.9054722
4959,0.4547343
8325,0.9942934
460,0.9915549
507,0.0058713863
8151,0.004597044
7488,0.9977448
4929,0.0023172814
3039,0.0015959645
2228,0.003238545
4093,0.959017
6035,0.0035529495
530,0.0014407247
10082,0.07348948
372,0.0020572003
1710,0.002252426
7976,0.88288134
2893,0.0017386614
4184,0.04661271
2555,0.0025065374
4408,0.0024468645
7497,0.0017889802
7089,0.0020286215
9224,0.76868653
2708,0.004935474
1373,0.058731396
5529,0.013994188
6252,0.0033414266
9222,0.014254826
9912,0.004132661
144,0.00095555984
1251,0.012123252
8474,0.0018489716
6579,0.0015835357
7139,0.002208185
667,0.6938668
1614,0.014706211
6437,0.001813925
2746,0.045991935
8609,0.005029838
7676,0.0059490665
4759,0.084999494
9691,0.0013130927
2388,0.025716724
9117,0.12039729
9663,0.007746288
1278,0.007969509
4901,0.0016841055
5403,0.0037289555
8516,0.001692309
8729,0.001868471
7875,0.0013042309
5784,0.0011915807
8839,0.28158498
9312,0.0371948
5204,0.018318681
206,0.017831076
5745,0.025654772
8947,0.0018857617
5421,0.003073511
1231,0.9914723
9722,0.0018558062
1771,0.004417785
1225,0.0015837076
1446,0.019460201
6228,0.0016645889
124,0.002932299
6741,0.0011319428
750,0.0013125726
8483,0.98871243
8575,0.0018132327
2834,0.029462205
9799,0.0027457778
6127,0.0022913357
7179,0.0023892815
9077,0.99691594
9590,0.0016296098
4545,0.001212373
4118,0.0035198475
4787,0.13817868
2816,0.9447485
7291,0.005023995
8626,0.002276816
8403,0.004472106
707,0.06758337
4244,0.99608815
6957,0.09459662
7806,0.0037098743
1932,0.99734664
5721,0.79307175
5397,0.0051645846
3387,0.016450891
4881,0.006332293
3371,0.9504742
8734,0.0016610189
14,0.16764733
2062,0.010030829
4837,0.0019006885
8941,0.0019828933
319,0.8612143
2792,0.001956501
874,0.0028896553
7002,0.0038855504
753,0.0012105786
9304,0.43294898
7489,0.1803117
5877,0.0021051231
8471,0.0032809116
9166,0.0026223112
7788,0.0044026263
9628,0.0015552546
9008,0.002856371
6386,0.004431337
8448,0.9589417
5649,0.0031928215
7604,0.015383908
2281,0.03648907
8528,0.17130256
4709,0.004825873
7109,0.0016822001
3691,0.0026356245
3727,0.0010483594
6836,0.013045135
7774,0.0011699905
497,0.0013414748
876,0.0027397808
6371,0.025975943
2474,0.004714828
3075,0.0031605451
5056,0.0063627474
5244,0.00446289
4296,0.96899724
3972,0.0011386274
6170,0.0030901004
1748,0.005543754
5362,0.0018126528
8597,0.97314835
4411,0.0019456281
1897,0.007722581
2613,0.0019207526
9126,0.0016773734
3874,0.0011503701
10065,0.107447326
1935,0.0042243483
7547,0.99505204
2135,0.65499896
5238,0.93060446
768,0.13844997
1657,0.012386403
9627,0.00873767
5026,0.0027664695
3436,0.0042525753
7515,0.0026099116
823,0.0014491486
233,0.020225089
7671,0.0018732081
6733,0.9863323
9693,0.28573352
8200,0.9891139
9064,0.6893209
8218,0.025300367
5568,0.0075838775
3083,0.005712604
8056,0.0020220887
2393,0.0015755586
1100,0.0017787826
854,0.0028576017
356,0.11439541
3294,0.0026693349
6231,0.16014443
1688,0.0040170983
7651,0.0055381707
6602,0.18874188
7326,0.001375585
9040,0.30761516
5943,0.0016976488
2220,0.019579006
474,0.022776326
2441,0.0040205703
4162,0.006408723
1755,0.0037295388
8470,0.0017206717
5267,0.9947408
352,0.0026419242
3413,0.0012070483
4002,0.004159713
5249,0.956446
6779,0.0018596028
6943,0.0011970892
7661,0.005308749
6117,0.00211521
7713,0.007995238
3109,0.0014135102
852,0.0016550329
3309,0.057530407
1149,0.99375725
2797,0.0028053736
9527,0.193545
3040,0.06973708
7325,0.0014418337
9400,0.8831887
8197,0.9977518
2009,0.0060586133
3304,0.0030693233
9185,0.010264324
6968,0.016067443
5895,0.0021968088
6226,0.0038052043
4256,0.0017921729
1541,0.9972038
3762,0.0017257459
821,0.001997283
6942,0.0048706057
4858,0.03959729
3235,0.0013957355
5295,0.7310491
9568,0.009065475
7768,0.0029322433
991,0.26734746
10077,0.010875473
6487,0.053144388
3420,0.0020434882
4643,0.0013077634
5177,0.0025209493
4523,0.006323976
4163,0.0018175944
1003,0.0012187354
8874,0.85909796
6308,0.9970777
1392,0.0011871521
5884,0.014633502
10070,0.0033993172
1385,0.0016152359
3948,0.010046155
9703,0.007280291
8043,0.96425116
362,0.03529706
1795,0.9530052
8967,0.0014833558
9808,0.87760663
3623,0.0021871596
8968,0.0011510323
7147,0.0014783596
9636,0.007902954
3995,0.001596109
7409,0.7176267
8148,0.0022244917
4855,0.0021350475
2078,0.0025162965
3291,0.0026840167
661,0.0023122467
6439,0.9501056
5280,0.10698687
7753,0.0021335892
709,0.0013975404
4543,0.002761328
616,0.010127945
6182,0.0034607353
5920,0.9224297
9878,0.0021400454
2634,0.10502239
5619,0.002552529
5693,0.002062837
4667,0.019167427
6931,0.9967769
8893,0.015183343
8345,0.0044648475
4889,0.98340833
18,0.0012689112
6446,0.002310327
7330,0.07933865
645,0.0046352586
4289,0.0014780205
6175,0.0035105674
5832,0.008322293
5834,0.0013620703
3693,0.11669196
1252,0.0020200228
3134,0.001279678
4718,0.0037138562
6427,0.003684389
702,0.011213959
9229,0.0010968184
2255,0.007603196
9059,0.010635729
5797,0.006522144
2890,0.010263985
6172,0.001996021
4783,0.003323925
5858,0.002004058
4199,0.00453041
3422,0.0016878663
9386,0.0026871099
732,0.9797773
8696,0.18656212
7452,0.0020327498
6996,0.0018488185
9518,0.0019658622
571,0.0026614328
3752,0.004625802
1025,0.0030008056
6663,0.0021563547
6534,0.003439478
2905,0.0010098433
6453,0.0030041346
7103,0.0071278377
358,0.0085934205
6149,0.008971868
10016,0.004529307
4448,0.0021131015
1359,0.0017960706
6738,0.14932483
4307,0.98843783
9425,0.002684489
2782,0.0013009816
4816,0.001918927
6399,0.9901812
4455,0.0049702898
7143,0.0017669769
5100,0.0013572094
3088,0.7513672
5146,0.0063508265
5916,0.0130788265
8885,0.9483052
7118,0.0019981975
3239,0.0035766198
2096,0.0028746852
1692,0.0017530483
9344,0.9961541
1069,0.0025409467
6174,0.9853756
6993,0.002481984
3181,0.010213691
657,0.00387691
4703,0.8790879
9179,0.004547981
3664,0.91772044
9888,0.019930208
9366,0.0024998507
1053,0.67113924
8258,0.5343647
9857,0.011803133
1399,0.0028050027
2314,0.0015208857
8425,0.0032325904
3022,0.0022277536
6227,0.8702318
6697,0.0024060637
1310,0.0033403467
4463,0.013044963
6944,0.9569753
9822,0.9839114
